nombre_aeropuerto,ciudad,estado,latitude,longitude,direccion
Abilene Regional,Abilene,TX,37.967543,-100.871894,"205 E Laurel St, Garden City, KS 67846"
Akron-Canton Regional,Akron,OH,41.080564,-81.519677,"182 S Main St, Akron, OH 44308"
Hartsfield-Jackson Atlanta International,Atlanta,GA,33.640846,-84.432594,"6000 N Terminal Pkwy (at Airport Loop Rd), Atlanta, GA 30320"
Jackson Medgar Wiley Evers International,Jackson/Vicksburg,MS,37.974664,-100.871909,"1011 N Main St, Garden City, KS 67846"
Jacksonville International,Jacksonville,FL,30.328992,-81.657959,"303 N Laura St (Duval St.), Jacksonville, FL 32202"
Albert J Ellis,Jacksonville/Camp Lejeune,NC,35.83181,-80.275492,"221 W US Highway 64, Lexington, NC 27295"
Jamestown Regional,Jamestown,ND,46.905755,-98.708982,"310 1st Ave S, Jamestown, ND 58401"
John Murtha Johnstown-Cambria County,Johnstown,PA,40.319491,-78.833163,"479 Airport Rd, Johnstown, PA 15904"
Joplin Regional,Joplin,MO,37.086554,-94.514722,"506 S Joplin Ave, Joplin, MO 64801"
Juneau International,Juneau,AK,58.296738,-134.400306,"489 S Franklin St, Juneau, AK 99801"
Kahului Airport,Kahului,HI,20.88783,-156.469582,"130 W Kamehameha Ave, Kahului, HI 96732"
Kalamazoo/Battle Creek International,Kalamazoo,MI,42.293318,-85.58375,"230 N Rose St (btw Eleanor St. & Water St.), Kalamazoo, MI 49007"
Glacier Park International,Kalispell,MT,48.192328,-114.307831,"705 2nd Ave E, Kalispell, MT 59901"
Kansas City International,Kansas City,MO,39.098993,-94.582887,"1261 Main St (at E 13th St), Kansas City, MO 64105"
Kearney Regional,Kearney,NE,40.696041,-99.083512,"2020 1st Ave (21st), Kearney, NE 68847"
Ketchikan International,Ketchikan,AK,55.341053,-131.64631,"131 Front St (mission St. and front), Ketchikan, AK 99901"
Key West International,Key West,FL,24.547234,-81.786024,"1100 Atlantic Blvd, Key West, FL 33040"
Atlantic City International,Atlantic City,NJ,39.360282985488496,-74.4202709197998,"1000 Boardwalk (at Maryland Ave), Atlantic City, NJ 08401"
Robert Gray AAF,Killeen,TX,37.97541,-100.859676,"1115 E Kansas Plz, Garden City, KS 67846"
Augusta Regional at Bush Field,Augusta,GA,33.477491,-81.970478,"1033 Broad St, Augusta, GA 30901"
King Salmon Airport,King Salmon,AK,58.6768,-156.649,"1 King Salmon Airport Rd, King Salmon, AK 99613"
McGhee Tyson,Knoxville,TN,37.975329,-100.883038,"1106 N Taylor Ave, Garden City, KS 67846"
Kodiak Airport,Kodiak,AK,57.790575,-152.407234,"117 Lower Mill Bay Rd, Kodiak, AK 99615"
Ellison Onizuka Kona International at Keahole,Kona,HI,20.114193,-98.74707,"Calzada Cuesco 100 (Blvd. Felipe √Ångeles), 42080 Pachuca, Hidalgo"
Ralph Wien Memorial,Kotzebue,AK,66.8847,-162.599,"1 Airport Way, Kotzebue, AK 99752"
La Crosse Regional,La Crosse,WI,43.817134,-91.240095,"1128 La Crosse St, La Crosse, WI 54601"
Lafayette Regional Paul Fournet Field,Lafayette,LA,30.22618,-92.020225,"301 W Congress St, Lafayette, LA 70501"
Lake Charles Regional,Lake Charles,LA,37.972238,-100.872859,"805 N Main St, Garden City, KS 67846"
Capital Region International,Lansing,MI,42.741164,-84.566921,"1026 W Saginaw St, Lansing, MI 48915"
Laramie Regional,Laramie,WY,41.309242,-105.587934,"710 E Garfield St, Laramie, WY 82070"
Laredo International,Laredo,TX,27.501686,-99.511221,"1600 Water St, Laredo, TX 78040"
Harry Reid International,Las Vegas,NV,36.136279,-115.151316,"3000 Paradise Rd, Las Vegas, NV 89109"
Arnold Palmer Regional,Latrobe,PA,40.285066,-79.384819,"RTE 30 E (at Colony Ln.), Latrobe, PA 15650"
Lawton-Fort Sill Regional,Lawton/Fort Sill,OK,37.970207,-100.873154,"615 N Main St, Garden City, KS 67846"
Greenbrier Valley,Lewisburg,WV,37.801457,-80.445328,"113 E Washington St (at S Jefferson St), Lewisburg, WV 24901"
Lewiston Nez Perce County,Lewiston,ID,46.416459,-117.017108,"1230 Idaho St, Lewiston, ID 83501"
Austin - Bergstrom International,Austin,TX,37.969542,-100.871305,"602 N 7th St, Garden City, KS 67846"
Blue Grass,Lexington,KY,37.990974,-84.480405,"3357 Sutherland Dr, Lexington, KY 40517"
Liberal Mid-America Regional,Liberal,KS,37.030786,-100.914871,"508 Hotel Dr, Liberal, KS 67901"
Lihue Airport,Lihue,HI,21.977769,-159.374941,"4602 Hoomana Rd (Hwy 50), Lihue, HI 96766"
Lincoln Airport,Lincoln,NE,40.800375,-96.679663,"1222 S 27th St, Lincoln, NE 68502"
Bill and Hillary Clinton Nat Adams Field,Little Rock,AR,34.738228,-92.297464,"2120 W Daisy L Gatson Bates Dr, Little Rock, AR 72202"
Long Beach Airport,Long Beach,CA,33.770337,-118.190998,"210 E 3rd St (The Promenade N), Long Beach, CA 90802"
East Texas Regional,Longview,TX,37.969052,-100.871077,"210 E Spruce St, Garden City, KS 67846"
San Luis Valley Regional/Bergman Field,Alamosa,CO,37.46834,-105.866847,"631 Main St (San Juan), Alamosa, CO 81101"
Los Angeles International,Los Angeles,CA,34.05686,-118.23968,"125 Paseo De La Plz (btwn Main & Los Angeles St), Los Angeles, CA 90012"
Louisville Muhammad Ali International,Louisville,KY,38.256893,-85.755663,"325 W Main St (4th Street), Louisville, KY 40202"
Lubbock Preston Smith International,Lubbock,TX,33.588548,-101.851066,"1501 Mac Davis Ln (15th St.), Lubbock, TX 79401"
Dane County Regional-Truax Field,Madison,WI,43.074705,-89.384103,"2 E Main St (at Mifflin, Main, Carroll, Pinckney), Madison, WI 53703"
Manchester Boston Regional,Manchester,NH,42.97480611879349,-71.4589861035347,"98 Willow St, Manchester, NH 03103"
Manhattan Regional,Manhattan/Ft. Riley,KS,39.042792,-96.833135,"1901 Buffalo Soldier Pkwy, Junction City, KS 66442"
Marquette Sawyer Regional,Marquette,MI,46.54258,-87.392764,"119 S Front St (Main), Marquette, MI 49855"
Mason City Municipal,Mason City,IA,43.152004,-93.199894,"28 E State St, Mason City, IA 50401"
Rogue Valley International - Medford,Medford,OR,42.3742,-122.873,"1000 Terminal Loop Pkwy, Medford, OR 97504"
Melbourne International,Melbourne,FL,28.083887,-80.611131,"625 E Hibiscus Blvd, Melbourne, FL 32901"
Memphis International,Memphis,TN,35.143656,-90.051559,"149 Monroe Ave (2nd Avenue), Memphis, TN 38103"
Key Field,Meridian,MS,32.354214,-88.680074,"100 15th Pl S, Meridian, MS 39301"
Miami International,Miami,FL,25.787716,-80.195615,"50 NW 14th St, Miami, FL 33136"
Southwest Georgia Regional,Albany,GA,31.578851,-84.155677,"323 Pine Ave, Albany, GA 31701"
Midland International Air and Space Port,Midland/Odessa,TX,31.857542,-102.357899,"1310 E 8th St, Odessa, TX 79761"
General Mitchell International,Milwaukee,WI,43.041791,-87.923432,"5300 S Howell Ave, Milwaukee, WI 53207"
Minneapolis-St Paul International,Minneapolis,MN,44.975838,-93.276599,"15 S 9th St (btw Hennepin Ave & Lasalle Ave), Minneapolis, MN 55402"
Minot International,Minot,ND,48.250377,-101.293189,"1400 N Broadway, Minot, ND 58703"
McAllen International,Mission/McAllen/Edinburg,TX,26.26646,-98.17224,"3801 S Business Highway 281, Edinburg, TX 78539"
Missoula International,Missoula,MT,46.871383,-113.995905,"139 W Main St, Missoula, MT 59802"
Canyonlands Field,Moab,UT,38.57287,-109.551713,"16 S Main St, Moab, UT 84532"
Mobile Regional,Mobile,AL,37.97429,-100.873684,"119 W Hazel St, Garden City, KS 67846"
Quad Cities International,Moline,IL,41.507222,-90.514078,"1623 5th Ave (btwn 16th & 17th), Moline, IL 61265"
Monroe Regional,Monroe,LA,32.503871,-92.116303,"300 Washington St, Monroe, LA 71201"
Monterey Regional,Monterey,CA,36.599824,-121.894622,"930 Fremont St (btwn Del Monte & Pearl), Monterey, CA 93940"
Montgomery Regional,Montgomery,AL,37.967543,-100.871894,"205 E Laurel St, Garden City, KS 67846"
Montrose Regional,Montrose/Delta,CO,38.741772,-108.072395,"361 Palmer St, Delta, CO 81416"
Central Wisconsin,Mosinee,WI,44.79301,-89.703408,"3991 County Road C, Mosinee, WI 54455"
Muskegon County,Muskegon,MI,43.232371,-86.250292,"1095 3rd St, Muskegon, MI 49441"
Myrtle Beach International,Myrtle Beach,SC,33.693975206127,-78.87729369857966,"1110 N Ocean Blvd (Mr. Joe White Ave.), Myrtle Beach, SC 29577"
Nashville International,Nashville,TN,37.964774,-100.855758,"302 Fleming St, Garden City, KS 67846"
Coastal Carolina Regional,New Bern/Morehead/Beaufort,NC,34.717764,-76.666258,"315 Front St (at Turner St.), Beaufort, NC 28516"
Louis Armstrong New Orleans International,New Orleans,LA,29.955197,-90.070195,"910 Iberville St, New Orleans, LA 70112"
John F. Kennedy International,New York,NY,40.748269,-73.993044,"350 7th Ave (29th St. & 30th St.), New York, NY 10001"
LaGuardia,New York,NY,40.744615,-73.990499,"37 W 26th St (btwn 6th Ave & Broadway), New York, NY 10010"
Newark Liberty International,Newark,NJ,40.734756,-74.172436,"810 Broad St, Newark, NJ 07102"
Meadows Field,Bakersfield,CA,35.389227,-119.024523,"Bakersfield, CA 93301"
New York Stewart International,Newburgh/Poughkeepsie,NY,41.702547,-73.923982,"383 Main St, Poughkeepsie, NY 12601"
Newport News/Williamsburg International,Newport News/Williamsburg,VA,37.270662,-76.706029,"402 W Duke of Gloucester St (Francis Street), Williamsburg, VA 23185"
Niagara Falls International,Niagara Falls,NY,43.083009,-79.057899,"333 Rainbow Blvd, Niagara Falls, NY 14303"
Nome Airport,Nome,AK,64.5013,-165.407413,"500 Bering St, Nome, AK 99762"
Norfolk International,Norfolk,VA,36.853159,-76.293998,"312 W Bute St (Yarmouth St), Norfolk, VA 23510"
Southwest Oregon Regional,North Bend/Coos Bay,OR,43.367513,-124.217269,"165 S 5th St, Coos Bay, OR 97420"
North Platte Regional Airport Lee Bird Field,North Platte,NE,41.116412,-100.762761,"101 Halligan Dr (Platte Oasis Parkway), North Platte, NE 69101"
Metro Oakland International,Oakland,CA,37.808324,-122.27285,"1825 San Pablo Ave (at 19th St), Oakland, CA 94612"
Ogden-Hinckley,Ogden,UT,41.220523,-111.975229,"227 25th St, Ogden, UT 84401"
Ogdensburg International,Ogdensburg,NY,44.69196,-75.484211,"910 Franklin St, Ogdensburg, NY 13669"
Baltimore/Washington International Thurgood Marshall,Baltimore,MD,39.1754,-76.6683,"7035 Elm Rd (Elm Rd), Baltimore, MD 21240"
Will Rogers World,Oklahoma City,OK,37.967087,-100.873532,"314 N Main St, Garden City, KS 67846"
Eppley Airfield,Omaha,NE,41.306111,-95.909114,"1515 E Fort St (Abbott), Omaha, NE 68110"
Albany International,Albany,NY,42.650675,-73.75568,"144 State St (Eagle Street), Albany, NY 12207"
Ontario International,Ontario,CA,44.2581,-88.5191,"W6390 Challenger Dr, Appleton, WI 54914"
Orlando International,Orlando,FL,28.539994,-81.38314,"400 W Church St, Orlando, FL 32801"
Owensboro Daviess County Regional,Owensboro,KY,37.755985,-87.112182,"2020 Frederica St (Ford Ave.), Owensboro, KY 42301"
Barkley Regional,Paducah,KY,37.967543,-100.871894,"205 E Laurel St, Garden City, KS 67846"
Pago Pago International,Pago Pago,TT,10.649522,-61.514125,"Wrightson Rd., Port of Spain"
Palm Springs International,Palm Springs,CA,33.830708,-116.54704,"515 N Palm Canyon Dr (btwn W Chino & W Alejo), Palm Springs, CA 92262"
Northwest Florida Beaches International,Panama City,FL,37.964774,-100.855758,"302 Fleming St, Garden City, KS 67846"
Tri Cities,Pasco/Kennewick/Richland,WA,46.285108,-119.282116,"761 Williams Blvd, Richland, WA 99354"
Pellston Regional Airport of Emmet County,Pellston,MI,45.553091,-84.781171,"Pellston, MI 49769"
Pensacola International,Pensacola,FL,30.416394,-87.208847,"201 E Gregory St, Pensacola, FL 35230"
General Downing - Peoria International,Peoria,IL,40.690234,-89.586016,"500-698 NE Water St, Peoria, IL 61603"
Petersburg James A Johnson,Petersburg,AK,56.812358,-132.955867,"106 Fram St, Petersburg, AK 99833"
Philadelphia International,Philadelphia,PA,39.950683,-75.164799,"1412 Chestnut St (at PA-611 (Broad St)), Philadelphia, PA 19102"
Phoenix - Mesa Gateway,Phoenix,AZ,33.447435,-112.0733,"2 E Jefferson St (1st St. & Jefferson), Phoenix, AZ 85004"
Phoenix Sky Harbor International,Phoenix,AZ,33.434106,-111.999365,"Terminal 4, Gate 5, Phoenix, AZ 85034"
Pierre Regional,Pierre,SD,44.372438,-100.362889,"808 W Sioux Ave (James St), Pierre, SD 57501"
Pittsburgh International,Pittsburgh,PA,40.441749,-79.997255,"612 Smithfield St, Pittsburgh, PA 15222"
Plattsburgh International,Plattsburgh,NY,44.696536,-73.45152,"26 Green St (Bridge St), Plattsburgh, NY 12901"
Pocatello Regional,Pocatello,ID,42.861849,-112.449849,"Pocatello, ID 83204"
Mercedita,Ponce,PR,18.010746,-66.563301,Ponce 00795
Portland International Jetport,Portland,ME,43.6462,-70.3093,"1001 Westbrook St, Portland, ME 04102"
Bangor International,Bangor,ME,44.801336,-68.772799,"86 Hammond St, Bangor, ME 04401"
Portland International,Portland,OR,45.524144,-122.672592,"117 NW 2nd Ave (Couch), Portland, OR 97209"
Portsmouth International at Pease,Portsmouth,NH,43.073934,-70.759969,"40 Court St (Middle Street), Portsmouth, NH 03801"
Prescott Regional Ernest A Love Field,Prescott,AZ,34.542175,-112.469619,"130 W Gurley St, Prescott, AZ 86301"
Rhode Island Tf Green International,Providence,RI,41.825923,-71.407713,"2 College St (Benefit Street), Providence, RI 02903"
Provo Municipal,Provo,UT,40.234901,-111.655586,"190 E 100 N, Provo, UT 84606"
Pueblo Memorial,Pueblo,CO,38.264794,-104.608855,"125 Riverwalk Pl, Pueblo, CO 81003"
Pullman Moscow Regional,Pullman,WA,46.734175,-117.17075,"600 NE Colorado St, Pullman, WA 99163"
Punta Gorda Airport,Punta Gorda,FL,26.934472,-82.050673,"Taylor St (Olympia), Punta Gorda, FL 33950"
Raleigh-Durham International,Raleigh/Durham,NC,35.771161,-78.639666,"2 E South St, Raleigh, NC 27601"
Rapid City Regional,Rapid City,SD,44.078379,-103.228956,"610 Quincy St (btwn 6th & 7th St), Rapid City, SD 57701"
Wiley Post/Will Rogers Memorial,Barrow,AK,71.288896,-156.779816,"1815 Momegana St, Barrow, AK 99723"
Redding Municipal,Redding,CA,40.58951,-122.380186,"700 Auditorium Dr, Redding, CA 96001"
Reno/Tahoe International,Reno,NV,39.4991,-119.768,"2001 E Plumb Ln, Reno, NV 89502"
Baton Rouge Metropolitan/Ryan Field,Baton Rouge,LA,37.967469,-100.8743,"117 W Grant Ave, Garden City, KS 67846"
Rhinelander/Oneida County,Rhinelander,WI,45.638242,-89.413277,"33 N Brown St, Rhinelander, WI 54501"
Richmond International,Richmond,VA,37.548779,-77.463885,"1812 W Main St (between Allen & Granby), Richmond, VA 23220"
Central Wyoming Regional,Riverton/Lander,WY,42.821598,-108.732096,"1156 S 2nd St, Lander, WY 82520"
Roanoke Blacksburg Regional,Roanoke,VA,37.274799,-79.939587,"110 Shenandoah Ave NE, Roanoke, VA 24016"
Rochester International,Rochester,MN,44.021776,-92.460478,"101 2nd St SE (Civic Center Drive), Rochester, MN 55904"
Frederick Douglass Grtr Rochester International,Rochester,NY,43.153817,-77.610936,"1 War Memorial Sq (Blue Cross Arena), Rochester, NY 14614"
Southwest Wyoming Regional,Rock Springs,WY,41.596395,-109.202444,"1646 9th St, Rock Springs, WY 82901"
Chicago/Rockford International,Rockford,IL,42.272445,-89.093848,"206 N Main St, Rockford, IL 61101"
Roswell Air Center,Roswell,NM,33.404156,-104.52371,"100 W 11th St (at N. Main Street), Roswell, NM 88201"
Sacramento International,Sacramento,CA,38.575884,-121.503558,"415 P St, Sacramento, CA 95814"
Jack Brooks Regional,Beaumont/Port Arthur,TX,37.974664,-100.871909,"1011 N Main St, Garden City, KS 67846"
MBS International,Saginaw/Bay City/Midland,MI,43.614018,-84.235688,"716 George St, Midland, MI 48640"
Francisco C. Ada Saipan International,Saipan,TT,10.649522,-61.514125,"Wrightson Rd., Port of Spain"
Salina Regional,Salina,KS,38.844595,-97.611366,"301 W Elm St (9th Street), Salina, KS 67401"
Salt Lake City International,Salt Lake City,UT,40.759982,-111.884527,"210 E 400 S, Salt Lake City, UT 84111"
Scott AFB MidAmerica St Louis,Belleville,IL,38.520644,-89.983357,"620 N Illinois St, Belleville, IL 62220"
San Angelo Regional/Mathis Field,San Angelo,TX,31.456878,-100.432762,"1 Love St (Oakes Street), San Angelo, TX 76903"
San Antonio International,San Antonio,TX,37.967672,-100.874644,"121 W Grant Ave (btwn N 8th & Main St.), Garden City, KS 67846"
San Diego International,San Diego,CA,32.716472,-117.15997,"1055 5th Ave (btwn Broadway & C St), San Diego, CA 92101"
Bellingham International,Bellingham,WA,48.75421,-122.478847,"210 Central Ave, Bellingham, WA 98225"
San Francisco International,San Francisco,CA,37.775455,-122.420249,"50 Oak St (btwn Van Ness Ave & Franklin St), San Francisco, CA 94102"
Norman Y. Mineta San Jose International,San Jose,CA,37.36757,-121.927444,"1701 Airport Blvd (at Skyport Dr), San Jose, CA 95110"
Luis Munoz Marin International,San Juan,PR,18.43781,-66.004574,"Pr-17 St. From San Juan (PR-17 & PR-26), Carolina 00937"
Bemidji Regional,Bemidji,MN,47.469891,-94.884567,"211 America Ave NW, Bemidji, MN 56601"
San Luis County Regional,San Luis Obispo,CA,35.279295,-120.663587,"Higuera St, San Luis Obispo, CA 93401"
Orlando Sanford International,Sanford,FL,28.808848,-81.265251,"400 Sanford Ave (4th), Sanford, FL 32771"
John Wayne Airport-Orange County,Santa Ana,CA,33.77025,-117.86789,"2500 N Main St, Santa Ana, CA 92705"
Roberts Field,Bend/Redmond,OR,44.276707,-121.174905,"631 W Antler Ave, Redmond, OR 97756"
Santa Barbara Municipal,Santa Barbara,CA,34.416035,-119.691384,"Santa Barbara St (btw Ortega & Haley), Santa Barbara, CA 93101"
Santa Fe Municipal,Santa Fe,NM,35.687009,-105.937843,"100 E San Francisco St (at Shelby St.), Santa Fe, NM 87501"
Santa Maria Public/Capt. G. Allan Hancock Field,Santa Maria,CA,34.950484,-120.435283,"100 Town Ctr E, Santa Maria, CA 93454"
Charles M. Schulz - Sonoma County,Santa Rosa,CA,38.445792,-122.707249,"1111 College Ave, Santa Rosa, CA 95404"
Sarasota/Bradenton International,Sarasota/Bradenton,FL,27.498837,-82.573699,"102 12th St W, Bradenton, FL 34205"
Chippewa County International,Sault Ste. Marie,MI,46.496762,-84.347978,"523 Ashmun St, Sault Ste. Marie, MI 49783"
Savannah/Hilton Head International,Savannah,GA,32.1276,-81.2021,"400 Airways Ave (at Gulfstream Rd), Savannah, GA 31408"
Bethel Airport,Bethel,AK,60.784551,-161.79055,"1484 Chief Eddy Hoffman Hwy, Bethel, AK 99559"
Western Neb. Regional/William B. Heilig Field,Scottsbluff,NE,41.867023,-103.662375,"2001 Broadway, Scottsbluff, NE 69361"
Wilkes Barre Scranton International,Scranton/Wilkes-Barre,PA,41.243634,-75.883969,"24 E Northampton St (at S Main St.), Wilkes-Barre, PA 18701"
Billings Logan International,Billings,MT,45.785949,-108.510072,"510 N 28th St (at 6th Ave N), Billings, MT 59101"
Seattle/Tacoma International,Seattle,WA,47.610733,-122.337593,"1525 4th Ave, Seattle, WA 98101"
Sheridan County,Sheridan,WY,44.806619,-106.94648,"580 E 5th St, Sheridan, WY 82801"
Shreveport Regional,Shreveport,LA,32.513386,-93.744374,"101 Crockett St, Shreveport, LA 71101"
Sioux Gateway Brig Gen Bud Day Field,Sioux City,IA,42.496002,-96.40443,"528 Pierce St, Sioux City, IA 51101"
Joe Foss Field,Sioux Falls,SD,43.562417,-96.752976,"2000 W Russell St, Sioux Falls, SD 57104"
Sitka Rocky Gutierrez,Sitka,AK,57.051614,-135.331552,"103 Monastery St, Sitka, AK 99835"
South Bend International,South Bend,IN,41.675618,-86.249945,"122 S Michigan St (at Washington St), South Bend, IN 46601"
Spokane International,Spokane,WA,47.658803,-117.427092,"1002 W Riverside Ave (at N Monroe St), Spokane, WA 99201"
Abraham Lincoln Capital,Springfield,IL,39.803336,-89.647124,"212 N 6th St (btwn Madison St & Jefferson St), Springfield, IL 62701"
Springfield-Branson National,Springfield,MO,37.251526,-93.306533,"3043 N Fort Ave, Springfield, MO 65803"
St. Cloud Regional,St. Cloud,MN,45.556997,-94.166318,"1300 W Saint Germain St, Saint Cloud, MN 56301"
St George Regional,St. George,UT,37.100803,-113.57822,"250 E 400 S (at S 300 E), Saint George, UT 84770"
St Louis Lambert International,St. Louis,MO,38.630785,-90.199453,"1301 Olive St, St Louis, MO 63103"
Greater Binghamton/Edwin A. Link Field,Binghamton,NY,42.097799,-75.918252,"83 Front St, Binghamton, NY 13905"
St Pete Clearwater International,St. Petersburg,FL,27.7692,-82.67732,"3200 1st Ave S, Saint Petersburg, FL 33712"
University Park,State College,PA,40.804158,-77.874932,"850 McKee St, State College, PA 16803"
Shenandoah Valley Regional,Staunton,VA,38.14744,-79.073527,"29 Byers St, Staunton, VA 24401"
Stillwater Regional,Stillwater,OK,37.967543,-100.871894,"205 E Laurel St, Garden City, KS 67846"
Stockton Metro,Stockton,CA,37.955328,-121.298009,"404 W Fremont St, Stockton, CA 95203"
Friedman Memorial,Sun Valley/Hailey/Ketchum,ID,43.682149,-114.362522,"511 Sun Valley Rd E, Ketchum, ID 83340"
Syracuse Hancock International,Syracuse,NY,43.047502,-76.149481,"340 Montgomery St, Syracuse, NY 13202"
Birmingham-Shuttlesworth International,Birmingham,AL,33.522297,-86.81007,"2000 Reverend Abraham Woods Jr Blvd, Birmingham, AL 35203"
Tallahassee International,Tallahassee,FL,30.447204,-84.279091,"507 N Calhoun St, Tallahassee, FL 32301"
Tampa International,Tampa,FL,27.947109,-82.460712,"Tampa, FL 33602"
Texarkana Regional-Webb Field,Texarkana,AR,33.441197,-94.043314,"100 N State Line Ave, Texarkana, TX 75501"
Eugene F Kranz Toledo Express,Toledo,OH,41.65832636041181,-83.55932950973511,"West Grove Place, Toledo OH United States, Toledo, OH 43620"
Cherry Capital,Traverse City,MI,44.76388,-85.621554,"154 E Front St (btwn Cass And Union), Traverse City, MI 49684"
Trenton Mercer,Trenton,NJ,40.216891,-74.744278,"508 Hamilton Ave (Chambers St.), Trenton, NJ 08609"
Tucson International,Tucson,AZ,32.235715,-110.92103,"3370 E Speedway Blvd, Tucson, AZ 85716"
Tulsa International,Tulsa,OK,36.154571,-95.989531,"110 E 2nd St (at S Cincinnati Ave), Tulsa, OK 74103"
Joslin Field - Magic Valley Regional,Twin Falls,ID,42.55971,-114.465456,"601 Shoshone St N, Twin Falls, ID 83301"
Tyler Pounds Regional,Tyler,TX,32.34932,-95.302251,"201 S College Ave (Elm st), Tyler, TX 75702"
Valdosta Regional,Valdosta,GA,30.833315,-83.279832,"305 N Patterson St, Valdosta, GA 31601"
Eglin AFB Destin Fort Walton Beach,Valparaiso,FL,30.48771,-86.496294,"McCarthy Ave (at Seminole Rd), Eglin Air Force Base, FL 32542"
Vernal Regional,Vernal,UT,40.45512,-109.518563,"55 S 500 E, Vernal, UT 84078"
Victoria Regional,Victoria,TX,37.967543,-100.871894,"205 E Laurel St, Garden City, KS 67846"
Waco Regional,Waco,TX,31.556585,-97.132727,"500 Washington Ln, Waco, TX 76708"
Walla Walla Regional,Walla Walla,WA,46.066099,-118.341958,"363 Orchard St (3rd St), Walla Walla, WA 99362"
Ronald Reagan Washington National,Washington,DC,38.908098,-77.018688,"1 Aviation Cir, Washington, DC 20001"
Washington Dulles International,Washington,DC,38.884012,-77.025447,"700 Lenfant Plz SW, Washington, D.C. 20024"
Bishop Airport,Bishop,CA,37.362526,-118.395613,"237 N Main St, Bishop, CA 93514"
Waterloo Regional,Waterloo,IA,42.498217,-92.341935,"225 Commercial St (US Hwy 63), Waterloo, IA 50701"
Watertown Regional,Watertown,SD,44.900083,-97.114382,"6 S Broadway, Watertown, SD 57201"
Bismarck Municipal,Bismarck/Mandan,ND,46.823565,-100.878845,"805 Adobe Trl, Mandan, ND 58554"
Pangborn Memorial,Wenatchee,WA,47.422574,-120.31412,"S Wenatchee Ave, Wenatchee, WA 98801"
Palm Beach International,West Palm Beach/Palm Beach,FL,26.713653,-80.054474,"415 Clematis St (Dixie Hwy), West Palm Beach, FL 33401"
Westchester County,White Plains,NY,41.03018,-73.763861,"200 E Post Rd, White Plains, NY 10601"
Sheppard AFB/Wichita Falls Municipal,Wichita Falls,TX,37.967724,-100.876059,"304 N 9th St, Garden City, KS 67846"
Wichita Dwight D Eisenhower National,Wichita,KS,37.686324,-97.342512,"400 W Douglas Ave (at Waco Ave.), Wichita, KS 67202"
Williston Basin International,Williston,ND,48.161152,-103.610936,"822 18th St E, Williston, ND 58801"
New Castle,Wilmington,DE,39.745278,-75.548366,"913 N Market St, Wilmington, DE 19801"
Wilmington International,Wilmington,NC,34.228477,-77.940809,"605 Castle St (btw 6th & 7th), Wilmington, NC 28401"
Worcester Regional,Worcester,MA,42.26194,-71.800975,"Front St (Franklin St), Worcester, MA 01609"
Wrangell Airport,Wrangell,AK,56.472404,-132.381589,"312 Reid St, Wrangell, AK 99929"
Yakima Air Terminal/McAllister Field,Yakima,WA,46.60276,-120.50511,"121 E Yakima Ave, Yakima, WA 98901"
Yakutat Airport,Yakutat,AK,59.50803,-139.668878,"Yakutat, AK 99689"
Yuma MCAS/Yuma International,Yuma,AZ,32.727218,-114.623342,"201 N 4th Ave, Yuma, AZ 85364"
Central Il Regional Airport at Bloomington,Bloomington/Normal,IL,40.508868,-88.985503,"200 Broadway (at W Beaufort St), Normal, IL 61761"
Boise Air Terminal,Boise,ID,43.5644,-116.223,"3201 W Airport Way, Boise, ID 83705"
Logan International,Boston,MA,42.351127,-71.063411,"19 Stuart St (at Washington St), Boston, MA 02116"
Bozeman Yellowstone International,Bozeman,MT,45.680561,-111.032318,"101 N Rouse Ave, Bozeman, MT 59715"
Brainerd Lakes Regional,Brainerd,MN,46.354191,-94.202915,"416 S 5th St, Brainerd, MN 56401"
Brownsville South Padre Island International,Brownsville,TX,37.971287,-100.875467,"605 1/2 N 8th St, Garden City, KS 67846"
Brunswick Golden Isles,Brunswick,GA,31.149473,-81.495196,"1505 Richmond St, Brunswick, GA 31520"
Adak,Adak Island,AK,37.917403,-100.707006,"Garden City , United States, Garden City, KS 67846"
Albuquerque International Sunport,Albuquerque,NM,35.048435,-106.616803,"2200 Sunport Blvd SE (at Sunport Loop), Albuquerque, NM 87106"
Buffalo Niagara International,Buffalo,NY,42.898344,-78.88911,"525 Niagara St (at Pennsylvania St.), Buffalo, NY 14201"
Bob Hope,Burbank,CA,34.185735,-118.315795,"851 N San Fernando Blvd, Burbank, CA 91502"
Burlington International,Burlington,VT,44.476363,-73.21278,"149 Church St (Pine Place), Burlington, VT 05401"
Bert Mooney,Butte,MT,46.001472,-112.527458,"799 E Front St, Butte, MT 59701"
Cape Girardeau Regional,Cape Girardeau,MO,37.304541,-89.518033,"19 N Water St, Cape Girardeau, MO 63701"
Casper/Natrona County International,Casper,WY,42.856713,-106.302907,"1701 E E St, Casper, WY 82601"
Cedar City Regional,Cedar City,UT,37.681641,-113.063324,"200 N Main St, Cedar City, UT 84721"
The Eastern Iowa,Cedar Rapids/Iowa City,IA,41.660375,-91.5295,"410 E Washington St (at S Van Buren), Iowa City, IA 52240"
University of Illinois/Willard,Champaign/Urbana,IL,40.104209,-88.219941,"1005 S Lincoln Ave, Urbana, IL 61801"
Charleston AFB/International,Charleston,SC,32.778797,-79.925672,"Concord Street (at Vendue Range), Charleston, SC 29401"
West Virginia International Yeager,Charleston/Dunbar,WV,38.360687,-81.734901,"1 Carney Ct, Dunbar, WV 25064"
Cyril E King,Charlotte Amalie,VI,18.341878,-64.930465,"200- 5D-4 Altona & Welgunst, Charlotte Amalie St. Thomas 00802"
Charlotte Douglas International,Charlotte,NC,35.226182,-80.842859,"101 S Tryon St, Charlotte, NC 28280"
Rafael Hernandez,Aguadilla,PR,18.429572,-67.154337,Aguadilla
Charlottesville Albemarle,Charlottesville,VA,38.030445,-78.487231,"418 W Main St, Charlottesville, VA 22903"
Lovell Field,Chattanooga,TN,37.960715,-100.867198,"706 E Maple, Garden City, Kansas, Garden City, KS 67846"
Cheyenne Regional/Jerry Olson Field,Cheyenne,WY,41.158063,-104.834043,"4610 Carey Ave, Cheyenne, WY 82001"
Chicago Midway International,Chicago,IL,41.875859,-87.626504,"24 E Ida B Wells Dr (at Wabash Ave.), Chicago, IL 60605"
Chicago O'Hare International,Chicago,IL,41.875859,-87.626504,"24 E Ida B Wells Dr (at Wabash Ave.), Chicago, IL 60605"
Alexandria International,Alexandria,LA,37.964774,-100.855758,"302 Fleming St, Garden City, KS 67846"
Henry E. Rohlsen,Christiansted,VI,17.746421,-64.704652,
Cincinnati/Northern Kentucky International,Cincinnati,OH,39.16685,-84.465861,"1799 Tennessee Ave (at Transpark Dr), Cincinnati, OH 45229"
North Central West Virginia,Clarksburg/Fairmont,WV,39.484326,-80.143154,"218 Adams St, Fairmont, WV 26554"
Cleveland-Hopkins International,Cleveland,OH,41.499193,-81.690846,"2015 E 4th St, Cleveland, OH 44115"
Yellowstone Regional,Cody,WY,44.526272,-109.062569,"1285 Sheridan Ave, Cody, WY 82414"
Easterwood Field,College Station/Bryan,TX,30.663642,-96.380488,"Bryan, TX 77803"
City of Colorado Springs Municipal,Colorado Springs,CO,38.845774,-104.826124,"30 W Dale St (at Cascade Ave.), Colorado Springs, CO 80903"
Columbia Regional,Columbia,MO,38.951176,-92.339815,"100 W Broadway (Garth Ave.), Columbia, MO 65203"
Columbia Metropolitan,Columbia,SC,34.00177,-81.034217,"1221 Main St, Columbia, SC 29201"
Lehigh Valley International,Allentown/Bethlehem/Easton,PA,40.687679,-75.218227,"201 S 7th St, Easton, PA 18042"
Columbus Airport,Columbus,GA,32.467125,-84.974216,"1251 Wynnton Rd, Columbus, GA 31906"
Golden Triangle Regional,Columbus,MS,37.975497,-100.850907,"1727 E Kansas Plz, Garden City, KS 67846"
John Glenn Columbus International,Columbus,OH,39.95947,-82.998928,"160 S High St (E Rich St), Columbus, OH 43215"
Rickenbacker International,Columbus,OH,39.962102,-82.997545,"20 S 3rd St, Columbus, OH 43215"
Concord Padgett Regional,Concord,NC,35.4078839779058,-80.58226509695875,"24 Spring St SW, Concord, NC 28025"
Merle K Mudhole Smith,Cordova,AK,60.542671,-145.756574,"101 Lake Avenue, Cordova , 99574, United States, Cordova, AK 99574"
Corpus Christi International,Corpus Christi,TX,27.796701,-97.394539,"802 N Carancahua St (at Downtown Corpus Christi), Corpus Christi, TX 78401"
Dallas Love Field,Dallas,TX,32.8471,-96.8518,"8008 Herb Kelleher Way (at Mockingbird Ln), Dallas, TX 75235"
Dallas/Fort Worth International,Dallas/Fort Worth,TX,32.747846,-97.32653,"1502 Commerce St (at 15th St), Fort Worth, TX 76102"
James M Cox/Dayton International,Dayton,OH,39.761791,-84.185235,"41 Madison St (2nd St), Dayton, OH 45402"
Daytona Beach International,Daytona Beach,FL,29.22216,-81.005522,"250 N Atlantic Ave, Daytona Beach, FL 32118"
Alpena County Regional,Alpena,MI,45.064318,-83.433805,"225 River St, Alpena, MI 49707"
Deadhorse Airport,Deadhorse,AK,70.19751,-148.457855,"1 Airport Way, Prudhoe Bay, AK 99734"
Decatur Airport,Decatur,IL,39.839784,-88.976494,"1295 W Wood St, Decatur, IL 62522"
Del Rio International,Del Rio,TX,29.360956,-100.898629,"120 E Garfield St, Del Rio, TX 78840"
Denver International,Denver,CO,39.737125,-104.989296,"100 W 14th Avenue Pkwy (btwn Broadway & Bannock St), Denver, CO 80204"
Rick Husband Amarillo International,Amarillo,TX,35.207576,-101.832501,"550 S Buchanan St, Amarillo, TX 79101"
Des Moines International,Des Moines,IA,41.596843,-93.613914,"909 Robert D Ray Dr (E University), Des Moines, IA 50309"
Detroit Metro Wayne County,Detroit,MI,42.330211,-83.047467,"645 Griswold St, Detroit, MI 48226"
Devils Lake Regional,Devils Lake,ND,48.113212,-98.864384,"446 College Dr N, Devils Lake, ND 58301"
Dickinson - Theodore Roosevelt Regional,Dickinson,ND,46.879706,-102.788755,"25 2nd Ave W, Dickinson, ND 58601"
Dillingham Airport,Dillingham,AK,59.0447,-158.506,"708 Airport Rd, Dillingham, AK 99576"
Dodge City Regional,Dodge City,KS,37.751404,-100.022009,"201 4th Ave (W Trail Street), Dodge City, KS 67801"
Dothan Regional,Dothan,AL,37.967543,-100.871894,"205 E Laurel St, Garden City, KS 67846"
Dubuque Regional,Dubuque,IA,42.504611,-90.66774,"Iowa, Dubuque, IA 52001"
Duluth International,Duluth,MN,46.781401,-92.105036,"520 W Superior St (at S 5th Ave W), Duluth, MN 55802"
Durango La Plata County,Durango,CO,37.27525,-107.879828,"1060 Main Ave, Durango, CO 81301"
Eagle County Regional,Eagle,CO,39.65796760568257,-106.82851195335388,"100 Fairgrounds Rd, Eagle, CO 81631"
Chippewa Valley Regional,Eau Claire,WI,44.810389,-91.499344,"310 S Barstow St, Eau Claire, WI 54701"
El Paso International,El Paso,TX,31.761138,-106.486728,"325 N Kansas St, El Paso, TX 79901"
Ted Stevens Anchorage International,Anchorage,AK,61.1741,-149.998,"5000 W Intl Airport Rd, Anchorage, AK 99502"
Elko Regional,Elko,NV,40.831773,-115.783242,"674 Cimarron Way (Mountain City Hwy), Elko, NV 89801"
Elmira/Corning Regional,Elmira/Corning,NY,42.143584,-77.054692,"1 W Market St (at Centerway Sq), Corning, NY 14830"
Erie International/Tom Ridge Field,Erie,PA,42.127724,-80.084482,"101 Boston Store Pl, Erie, PA 16501"
Delta County,Escanaba,MI,45.750221,-87.076685,"412 N Lincoln Rd, Escanaba, MI 49829"
Mahlon Sweet Field,Eugene,OR,44.051472,-123.104653,"755 Monroe St (at W 6th St), Eugene, OR 97402"
Evansville Regional,Evansville,IN,37.97158,-87.565438,"200 SE Martin Luther King Jr Blvd (at Walnut St.), Evansville, IN 47713"
Snohomish County,Everett,WA,47.981191,-122.206097,"2720 Rockefeller Ave, Everett, WA 98201"
Fairbanks International,Fairbanks,AK,64.859613,-147.701334,"433 Harold Bentley Ave, Fairbanks, AK 99701"
Hector International,Fargo,ND,46.874184,-96.789225,"624 Main Ave, Fargo, ND 58103"
Northwest Arkansas National,Fayetteville,AR,36.068752,-94.17596,"435 N Garland Ave, Fayetteville, AR 72701"
Appleton International,Appleton,WI,44.26156,-88.411352,"415 W College Ave, Appleton, WI 54911"
Fayetteville Regional/Grannis Field,Fayetteville,NC,35.05644,-78.899357,"1209 Hay St (at Highland St.), Fayetteville, NC 28305"
Flagstaff Pulliam,Flagstaff,AZ,35.198994,-111.648162,"120 N Leroux St (at E Birch Ave), Flagstaff, AZ 86001"
Bishop International,Flint,MI,43.010037,-83.667196,"2211 Lapeer Rd, Flint, MI 48503"
Fort Dodge Regional,Fort Dodge,IA,42.501552,-94.154342,"3022 5th Ave S, Fort Dodge, IA 50501"
Fort Lauderdale-Hollywood International,Fort Lauderdale,FL,26.071452,-80.144384,"100 Terminal Dr (I-595), Fort Lauderdale, FL 33315"
Waynesville-St. Robert Regional Forney Field,Fort Leonard Wood,MO,37.74171,-92.140858,"5017 Iowa Avenue, Fort Leonard Wood , 65473, United States, Fort Leonard Wood, MO 65473"
Southwest Florida International,Fort Myers,FL,26.62509,-81.840446,"3559 Veronica S Shoemaker Blvd, Fort Myers, FL 33916"
Fort Smith Regional,Fort Smith,AR,37.967543,-100.871894,"205 E Laurel St, Garden City, KS 67846"
Fort Wayne International,Fort Wayne,IN,41.105787,-85.153246,"3411 Sherman Blvd, Fort Wayne, IN 46808"
Fresno Yosemite International,Fresno,CA,36.73507,-119.784989,"700 M St, Fresno, CA 93721"
Gainesville Regional,Gainesville,FL,29.651727,-82.325607,"19 W University Ave (Corner of 1st Street & Main Street), Gainesville, FL 32601"
California Redwood Coast Humboldt County,Arcata/Eureka,CA,40.804412,-124.165262,"205 G St (2nd and G Street), Eureka, CA 95501"
Asheville Regional,Asheville,NC,37.967543,-100.871894,"205 E Laurel St, Garden City, KS 67846"
Gillette Campbell County,Gillette,WY,44.29087,-105.504446,"406 S Gillette Ave, Gillette, WY 82716"
Grand Forks International,Grand Forks,ND,47.925873,-97.033287,"375 2nd Ave N, Grand Forks, ND 58203"
Central Nebraska Regional,Grand Island,NE,40.902997,-98.328664,"700 E Stolley Park Rd, Grand Island, NE 68801"
Grand Junction Regional,Grand Junction,CO,39.067131,-108.564887,"449 Main St (5th St.), Grand Junction, CO 81501"
Gerald R. Ford International,Grand Rapids,MI,42.968468,-85.67733,"303 Pearl St NW, Grand Rapids, MI 49504"
Great Falls International,Great Falls,MT,47.500537,-111.301855,"Great Falls, MT 59405"
Green Bay Austin Straubel International,Green Bay,WI,44.518399,-88.012503,"201 Main St, Green Bay, WI 54301"
Piedmont Triad International,Greensboro/High Point,NC,35.955478,-80.003596,"210 E Commerce Ave (Green Drive), High Point, NC 27260"
Pitt Greenville,Greenville,NC,35.616663,-77.389978,"200 Nash St, Greenville, NC 27834"
Greenville-Spartanburg International,Greer,SC,34.938587,-82.227846,"100 S Main St, Greer, SC 29650"
Guam International,Guam,TT,10.649522,-61.514125,"Wrightson Rd., Port of Spain"
Gulfport-Biloxi International,Gulfport/Biloxi,MS,30.392134,-88.887587,"777 Beach Blvd, Biloxi, MS 39530"
Gunnison-Crested Butte Regional,Gunnison,CO,38.545879,-106.927873,"West Virginia Avenue, Gunnison, CO 81230"
Hagerstown Regional-Richard A. Henson Field,Hagerstown,MD,39.644821,-77.719629,"25 W Church St, Hagerstown, MD 21740"
Houghton County Memorial,Hancock/Houghton,MI,47.126353,-88.580714,"821 W Water St, Hancock, MI 49930"
Valley International,Harlingen/San Benito,TX,37.980112,-100.865954,"1701 N 3rd St, Garden City, KS 67846"
Harrisburg International,Harrisburg,PA,40.268141,-76.888292,"1110 N 3rd St (at Herr St), Harrisburg, PA 17102"
Bradley International,Hartford,CT,41.765885,-72.716661,"668 Farmington Ave (Prospect Ave), Hartford, CT 06119"
Tri-State/Milton J. Ferguson Field,Ashland,WV,37.974831,-100.870986,"1016 N Main St, Garden City, KS 67846"
Aspen Pitkin County Sardy Field,Aspen,CO,39.190666,-106.817497,"506 E Main St (Galena Street), Aspen, CO 81611"
Hattiesburg-Laurel Regional,Hattiesburg/Laurel,MS,31.693084,-89.128801,"414 Front St, Laurel, MS 39440"
Yampa Valley,Hayden,CO,40.495698,-107.257471,"106 E Jefferson Ave, Hayden, CO 81639"
Hays Regional,Hays,KS,38.876746,-99.327674,"1609 Main St (17th St), Hays, KS 67601"
Helena Regional,Helena,MT,46.594976,-112.037935,"750 Great Northern Blvd, Helena, MT 59601"
Range Regional,Hibbing,MN,47.427174,-92.937394,"2100 4th Ave E, Hibbing, MN 55746"
Hilo International,Hilo,HI,19.725101,-155.070502,"123 Lihiwai St, Hilo, HI 96720"
Hilton Head Airport,Hilton Head,SC,32.226587,-80.698814,"120 Beach City Rd, Hilton Head Island, SC 29926"
Lea County Regional,Hobbs,NM,32.703113,-103.135278,"301 N Dalmont St, Hobbs, NM 88240"
Daniel K Inouye International,Honolulu,HI,21.300627,-157.862575,"500 Ala Moana Blvd, Honolulu, HI 96813"
George Bush Intercontinental/Houston,Houston,TX,37.917403,-100.707006,"Garden City , United States, Garden City, KS 67846"
William P Hobby,Houston,TX,37.966953,-100.87415,"301 N Main St (Chestnut St.), Garden City, KS 67846"
Huntsville International-Carl T Jones Field,Huntsville,AL,37.967672,-100.874644,"121 W Grant Ave (btwn N 8th & Main St.), Garden City, KS 67846"
Idaho Falls Regional,Idaho Falls,ID,43.491423,-112.042536,"457 W Broadway St (btwn Capital Ave & Park Ave), Idaho Falls, ID 83402"
Indianapolis International,Indianapolis,IN,39.771856,-86.153999,"310 Massachusetts Ave, Indianapolis, IN 46204"
Falls International Einarson Field,International Falls,MN,48.602239,-93.410691,"750 4th St (8th Avenue), International Falls, MN 56649"
Ford,Iron Mountain/Kingsfd,MI,42.968468,-85.67733,"303 Pearl St NW, Grand Rapids, MI 49504"
Long Island MacArthur,Islip,NY,40.729149,-73.212623,"560 Main St, Islip, NY 11751"
Ithaca Tompkins International,Ithaca/Cortland,NY,42.600067,-76.180802,"36 Main St, Cortland, NY 13045"
Jackson Hole,Jackson,WY,43.47933,-110.763018,"50 W Broadway Ave, Jackson, WY 83001"
Aberdeen Regional,Aberdeen,SD,45.463981,-98.487868,"103 1/2 S Main St, Aberdeen, SD 57401"
Garden City,Garden City,KS,37.97747,-100.858105,"1224 Center St, Garden City, KS 67846"
